{"train_loss": 0.042539885910282356, "val_loss": 1.774367783890396, "_timestamp": 1705125483.7947402, "_runtime": 5142.21941113472, "_step": 999, "_wandb": {"runtime": 5141}}