{"train_loss": 0.03921359365348007, "val_loss": 0.7162152458639706, "_timestamp": 1707139096.9067261, "_runtime": 2453.83305811882, "_step": 499, "_wandb": {"runtime": 2452}}