{"train_loss": 0.09359911025929529, "val_loss": 2.3528853041785105, "_timestamp": 1707114005.373242, "_runtime": 9562.95750784874, "_step": 2499, "_wandb": {"runtime": 9561}}