{"train_loss": 0.04894606533803438, "val_loss": 1.5444126207320417, "_timestamp": 1704462745.0407915, "_runtime": 28479.947164535522, "_step": 5999, "_wandb": {"runtime": 28479}}