{"train_loss": 0.2337524976298126, "val_loss": 4.2558491112755945, "_timestamp": 1707022550.902746, "_runtime": 2141.534996986389, "_step": 499, "_wandb": {"runtime": 2140}}