{"train_loss": 12.542964227036467, "val_loss": 22.721621104649135, "_timestamp": 1707104241.1912618, "_runtime": 14.176872730255127, "_step": 3, "_wandb": {"runtime": 13}}