{"train_loss": 0.3527774053930056, "val_loss": 1.0479285822195166, "_timestamp": 1707141636.0531557, "_runtime": 1704.6709406375885, "_step": 199, "_wandb": {"runtime": 1703}}