{"train_loss": 0.04432778278834116, "val_loss": 1.5730985207635848, "_timestamp": 1704525696.5114124, "_runtime": 5094.8497614860535, "_step": 999, "_wandb": {"runtime": 5093}}