{"train_loss": 0.3287585947597236, "val_loss": 1.4821186866916594, "_timestamp": 1705217205.1259813, "_runtime": 365.9644362926483, "_step": 99, "_wandb": {"runtime": 365}}