{"train_loss": 0.0427392437531237, "val_loss": 1.7954971321293565, "_timestamp": 1704519799.154192, "_runtime": 4669.09191608429, "_step": 999, "_wandb": {"runtime": 4668}}