{"train_loss": 12.908103470693582, "val_loss": 15.871844754900252, "_timestamp": 1707118107.8198612, "_runtime": 47.92218828201294, "_step": 10, "_wandb": {"runtime": 47}}