{"train_loss": 0.4314661159762862, "val_loss": 3.18999175654083, "_timestamp": 1705215032.853808, "_runtime": 2410.8364160060883, "_step": 104, "_wandb": {"runtime": 2417}}