{"train_loss": 0.05916153340439649, "val_loss": 2.2156025443758285, "_timestamp": 1707120210.7174883, "_runtime": 2081.387038230896, "_step": 499, "_wandb": {"runtime": 2080}}