{"train_loss": 0.1427051461433912, "val_loss": 0.8255249976235277, "_timestamp": 1707142714.0873163, "_runtime": 978.4311113357544, "_step": 199, "_wandb": {"runtime": 977}}