{"train_loss": 0.20728247525346397, "val_loss": 3.525744022641863, "_timestamp": 1707132027.1122048, "_runtime": 9411.136601686478, "_step": 499, "_wandb": {"runtime": 9410}}