{"train_loss": 0.04948461171217829, "val_loss": 1.6381224706524709, "_timestamp": 1704434228.6889958, "_runtime": 4236.646018743515, "_step": 950, "_wandb": {"runtime": 4236}}