{"train_loss": 0.04728456715693568, "val_loss": 1.0772192478179932, "_timestamp": 1707182367.5498261, "_runtime": 10161.125791072845, "_step": 2499, "_wandb": {"runtime": 10160}}