{"train_loss": 0.05556238673583806, "val_loss": 0.8306342627181381, "_timestamp": 1707033484.6269145, "_runtime": 8495.01866555214, "_step": 1999, "_wandb": {"runtime": 8494}}