{"train_loss": 0.11137174919296165, "val_loss": 3.462389373779297, "_timestamp": 1707122416.929542, "_runtime": 1744.8494710922241, "_step": 499, "_wandb": {"runtime": 1743}}