{"train_loss": 0.32081771509187057, "val_loss": 4.0907989950741035, "_timestamp": 1707148006.9975536, "_runtime": 3716.7985146045685, "_step": 199, "_wandb": {"runtime": 3715}}