{"train_loss": 0.04215045931220752, "val_loss": 1.8888567822878477, "_timestamp": 1704514922.831644, "_runtime": 4667.613059997559, "_step": 999, "_wandb": {"runtime": 4666}}