{"train_loss": 0.06738307339166585, "val_loss": 2.132224144254412, "_timestamp": 1707117761.9584408, "_runtime": 2102.044919729233, "_step": 499, "_wandb": {"runtime": 2100}}