{"train_loss": 4.856258927398782, "val_loss": 11.48705134672277, "_timestamp": 1707170707.7234087, "_runtime": 275.2144877910614, "_step": 72, "_wandb": {"runtime": 275}}