{"train_loss": 0.1097722739126861, "val_loss": 1.0840701665197099, "_timestamp": 1707136490.825879, "_runtime": 4310.008363008499, "_step": 499, "_wandb": {"runtime": 4308}}