{"train_loss": 0.153624026787163, "val_loss": 2.0158950020285213, "_timestamp": 1707150314.3030732, "_runtime": 2209.2614171504974, "_step": 586, "_wandb": {"runtime": 2208}}