{"train_loss": 0.32402073407527243, "val_loss": 3.6666011389564064, "_timestamp": 1707143721.6978126, "_runtime": 784.9651746749878, "_step": 199, "_wandb": {"runtime": 783}}