{"train_loss": 0.04917041227570054, "val_loss": 1.3201895150981966, "_timestamp": 1704509444.4135203, "_runtime": 4692.362394332886, "_step": 999, "_wandb": {"runtime": 4691}}