{"train_loss": 0.045709014701390126, "val_loss": 1.4469942030359486, "_timestamp": 1704484853.3697405, "_runtime": 4663.590963602066, "_step": 999, "_wandb": {"runtime": 4662}}