{"train_loss": 0.19087353279881744, "val_loss": 3.7375944642459644, "_timestamp": 1707172174.0068045, "_runtime": 1348.6594433784485, "_step": 327, "_wandb": {"runtime": 1350}}