{"train_loss": 6.595324569278294, "val_loss": 0.9694677825833931, "_timestamp": 1705216589.5791178, "_runtime": 285.6257917881012, "_step": 99, "_wandb": {"runtime": 284}}