{"train_loss": 0.19985035715395943, "val_loss": 0.8269326432806546, "_timestamp": 1705216263.6603658, "_runtime": 364.38722586631775, "_step": 99, "_wandb": {"runtime": 363}}